feat,feavalues
acousticness, 0.9853407406090764
danceability, 0.13559232916228522
energy, 0.04329833072115371
instrumentalness, 0.40899037239541836
liveness, 0.42286591121864003
loudness, 0.0512876321
speechiness, 0.202589315
tempo, 0.11591235876538233
valence, 0.7685928543929359